Room,image_url
1,https://i0.wp.com/blog.allstay.com/wp-content/uploads/2020/09/e-20.jpg?resize=768%2C486&ssl=1
1,https://i0.wp.com/blog.allstay.com/wp-content/uploads/2020/09/e-20.jpg?resize=768%2C486&ssl=1
1,https://i0.wp.com/blog.allstay.com/wp-content/uploads/2020/09/e-20.jpg?resize=768%2C486&ssl=1
2,https://i0.wp.com/blog.allstay.com/wp-content/uploads/2020/09/e-20.jpg?resize=768%2C486&ssl=1
2,https://i0.wp.com/blog.allstay.com/wp-content/uploads/2020/09/e-20.jpg?resize=768%2C486&ssl=1
2,https://i0.wp.com/blog.allstay.com/wp-content/uploads/2020/09/e-20.jpg?resize=768%2C486&ssl=1
3,https://i0.wp.com/blog.allstay.com/wp-content/uploads/2020/09/e-20.jpg?resize=768%2C486&ssl=1
3,https://i0.wp.com/blog.allstay.com/wp-content/uploads/2020/09/e-20.jpg?resize=768%2C486&ssl=1
3,https://i0.wp.com/blog.allstay.com/wp-content/uploads/2020/09/e-20.jpg?resize=768%2C486&ssl=1
4,https://i0.wp.com/blog.allstay.com/wp-content/uploads/2020/09/e-20.jpg?resize=768%2C486&ssl=1
4,https://i0.wp.com/blog.allstay.com/wp-content/uploads/2020/09/e-20.jpg?resize=768%2C486&ssl=1
4,https://i0.wp.com/blog.allstay.com/wp-content/uploads/2020/09/e-20.jpg?resize=768%2C486&ssl=1
5,https://i0.wp.com/blog.allstay.com/wp-content/uploads/2020/09/e-20.jpg?resize=768%2C486&ssl=1
5,https://i0.wp.com/blog.allstay.com/wp-content/uploads/2020/09/e-20.jpg?resize=768%2C486&ssl=1
5,https://i0.wp.com/blog.allstay.com/wp-content/uploads/2020/09/e-20.jpg?resize=768%2C486&ssl=1
6,https://i0.wp.com/blog.allstay.com/wp-content/uploads/2020/09/e-20.jpg?resize=768%2C486&ssl=1
6,https://i0.wp.com/blog.allstay.com/wp-content/uploads/2020/09/e-20.jpg?resize=768%2C486&ssl=1
6,https://i0.wp.com/blog.allstay.com/wp-content/uploads/2020/09/e-20.jpg?resize=768%2C486&ssl=1
7,https://i0.wp.com/blog.allstay.com/wp-content/uploads/2020/09/e-20.jpg?resize=768%2C486&ssl=1
7,https://i0.wp.com/blog.allstay.com/wp-content/uploads/2020/09/e-20.jpg?resize=768%2C486&ssl=1
7,https://i0.wp.com/blog.allstay.com/wp-content/uploads/2020/09/e-20.jpg?resize=768%2C486&ssl=1
8,https://i0.wp.com/blog.allstay.com/wp-content/uploads/2020/09/e-20.jpg?resize=768%2C486&ssl=1
8,https://i0.wp.com/blog.allstay.com/wp-content/uploads/2020/09/e-20.jpg?resize=768%2C486&ssl=1
8,https://i0.wp.com/blog.allstay.com/wp-content/uploads/2020/09/e-20.jpg?resize=768%2C486&ssl=1
9,https://i0.wp.com/blog.allstay.com/wp-content/uploads/2020/09/e-20.jpg?resize=768%2C486&ssl=1
9,https://i0.wp.com/blog.allstay.com/wp-content/uploads/2020/09/e-20.jpg?resize=768%2C486&ssl=1
9,https://i0.wp.com/blog.allstay.com/wp-content/uploads/2020/09/e-20.jpg?resize=768%2C486&ssl=1
10,https://i0.wp.com/blog.allstay.com/wp-content/uploads/2020/09/e-20.jpg?resize=768%2C486&ssl=1
10,https://i0.wp.com/blog.allstay.com/wp-content/uploads/2020/09/e-20.jpg?resize=768%2C486&ssl=1
10,https://i0.wp.com/blog.allstay.com/wp-content/uploads/2020/09/e-20.jpg?resize=768%2C486&ssl=1
11,https://i0.wp.com/blog.allstay.com/wp-content/uploads/2020/09/e-20.jpg?resize=768%2C486&ssl=1
11,https://i0.wp.com/blog.allstay.com/wp-content/uploads/2020/09/e-20.jpg?resize=768%2C486&ssl=1
11,https://i0.wp.com/blog.allstay.com/wp-content/uploads/2020/09/e-20.jpg?resize=768%2C486&ssl=1
12,https://i0.wp.com/blog.allstay.com/wp-content/uploads/2020/09/e-20.jpg?resize=768%2C486&ssl=1
12,https://i0.wp.com/blog.allstay.com/wp-content/uploads/2020/09/e-20.jpg?resize=768%2C486&ssl=1
12,https://i0.wp.com/blog.allstay.com/wp-content/uploads/2020/09/e-20.jpg?resize=768%2C486&ssl=1
13,https://i0.wp.com/blog.allstay.com/wp-content/uploads/2020/09/e-20.jpg?resize=768%2C486&ssl=1
13,https://i0.wp.com/blog.allstay.com/wp-content/uploads/2020/09/e-20.jpg?resize=768%2C486&ssl=1
13,https://i0.wp.com/blog.allstay.com/wp-content/uploads/2020/09/e-20.jpg?resize=768%2C486&ssl=1
14,https://i0.wp.com/blog.allstay.com/wp-content/uploads/2020/09/e-20.jpg?resize=768%2C486&ssl=1
14,https://i0.wp.com/blog.allstay.com/wp-content/uploads/2020/09/e-20.jpg?resize=768%2C486&ssl=1
14,https://i0.wp.com/blog.allstay.com/wp-content/uploads/2020/09/e-20.jpg?resize=768%2C486&ssl=1
15,https://i0.wp.com/blog.allstay.com/wp-content/uploads/2020/09/e-20.jpg?resize=768%2C486&ssl=1
15,https://i0.wp.com/blog.allstay.com/wp-content/uploads/2020/09/e-20.jpg?resize=768%2C486&ssl=1
15,https://i0.wp.com/blog.allstay.com/wp-content/uploads/2020/09/e-20.jpg?resize=768%2C486&ssl=1
16,https://i0.wp.com/blog.allstay.com/wp-content/uploads/2020/09/e-20.jpg?resize=768%2C486&ssl=1
16,https://i0.wp.com/blog.allstay.com/wp-content/uploads/2020/09/e-20.jpg?resize=768%2C486&ssl=1
16,https://i0.wp.com/blog.allstay.com/wp-content/uploads/2020/09/e-20.jpg?resize=768%2C486&ssl=1
17,https://i0.wp.com/blog.allstay.com/wp-content/uploads/2020/09/e-20.jpg?resize=768%2C486&ssl=1
17,https://i0.wp.com/blog.allstay.com/wp-content/uploads/2020/09/e-20.jpg?resize=768%2C486&ssl=1
17,https://i0.wp.com/blog.allstay.com/wp-content/uploads/2020/09/e-20.jpg?resize=768%2C486&ssl=1
18,https://i0.wp.com/blog.allstay.com/wp-content/uploads/2020/09/e-20.jpg?resize=768%2C486&ssl=1
18,https://i0.wp.com/blog.allstay.com/wp-content/uploads/2020/09/e-20.jpg?resize=768%2C486&ssl=1
18,https://i0.wp.com/blog.allstay.com/wp-content/uploads/2020/09/e-20.jpg?resize=768%2C486&ssl=1
19,https://i0.wp.com/blog.allstay.com/wp-content/uploads/2020/09/e-20.jpg?resize=768%2C486&ssl=1
19,https://i0.wp.com/blog.allstay.com/wp-content/uploads/2020/09/e-20.jpg?resize=768%2C486&ssl=1
19,https://i0.wp.com/blog.allstay.com/wp-content/uploads/2020/09/e-20.jpg?resize=768%2C486&ssl=1
20,https://i0.wp.com/blog.allstay.com/wp-content/uploads/2020/09/e-20.jpg?resize=768%2C486&ssl=1
20,https://i0.wp.com/blog.allstay.com/wp-content/uploads/2020/09/e-20.jpg?resize=768%2C486&ssl=1
20,https://i0.wp.com/blog.allstay.com/wp-content/uploads/2020/09/e-20.jpg?resize=768%2C486&ssl=1
21,https://i0.wp.com/blog.allstay.com/wp-content/uploads/2020/09/e-20.jpg?resize=768%2C486&ssl=1
21,https://i0.wp.com/blog.allstay.com/wp-content/uploads/2020/09/e-20.jpg?resize=768%2C486&ssl=1
21,https://i0.wp.com/blog.allstay.com/wp-content/uploads/2020/09/e-20.jpg?resize=768%2C486&ssl=1
22,https://i0.wp.com/blog.allstay.com/wp-content/uploads/2020/09/e-20.jpg?resize=768%2C486&ssl=1
22,https://i0.wp.com/blog.allstay.com/wp-content/uploads/2020/09/e-20.jpg?resize=768%2C486&ssl=1
22,https://i0.wp.com/blog.allstay.com/wp-content/uploads/2020/09/e-20.jpg?resize=768%2C486&ssl=1
23,https://i0.wp.com/blog.allstay.com/wp-content/uploads/2020/09/e-20.jpg?resize=768%2C486&ssl=1
23,https://i0.wp.com/blog.allstay.com/wp-content/uploads/2020/09/e-20.jpg?resize=768%2C486&ssl=1
23,https://i0.wp.com/blog.allstay.com/wp-content/uploads/2020/09/e-20.jpg?resize=768%2C486&ssl=1
24,https://i0.wp.com/blog.allstay.com/wp-content/uploads/2020/09/e-20.jpg?resize=768%2C486&ssl=1
24,https://i0.wp.com/blog.allstay.com/wp-content/uploads/2020/09/e-20.jpg?resize=768%2C486&ssl=1
24,https://i0.wp.com/blog.allstay.com/wp-content/uploads/2020/09/e-20.jpg?resize=768%2C486&ssl=1
25,https://i0.wp.com/blog.allstay.com/wp-content/uploads/2020/09/e-20.jpg?resize=768%2C486&ssl=1
25,https://i0.wp.com/blog.allstay.com/wp-content/uploads/2020/09/e-20.jpg?resize=768%2C486&ssl=1
25,https://i0.wp.com/blog.allstay.com/wp-content/uploads/2020/09/e-20.jpg?resize=768%2C486&ssl=1
26,https://i0.wp.com/blog.allstay.com/wp-content/uploads/2020/09/e-20.jpg?resize=768%2C486&ssl=1
26,https://i0.wp.com/blog.allstay.com/wp-content/uploads/2020/09/e-20.jpg?resize=768%2C486&ssl=1
26,https://i0.wp.com/blog.allstay.com/wp-content/uploads/2020/09/e-20.jpg?resize=768%2C486&ssl=1
27,https://i0.wp.com/blog.allstay.com/wp-content/uploads/2020/09/e-20.jpg?resize=768%2C486&ssl=1
27,https://i0.wp.com/blog.allstay.com/wp-content/uploads/2020/09/e-20.jpg?resize=768%2C486&ssl=1
27,https://i0.wp.com/blog.allstay.com/wp-content/uploads/2020/09/e-20.jpg?resize=768%2C486&ssl=1
28,https://i0.wp.com/blog.allstay.com/wp-content/uploads/2020/09/e-20.jpg?resize=768%2C486&ssl=1
28,https://i0.wp.com/blog.allstay.com/wp-content/uploads/2020/09/e-20.jpg?resize=768%2C486&ssl=1
28,https://i0.wp.com/blog.allstay.com/wp-content/uploads/2020/09/e-20.jpg?resize=768%2C486&ssl=1
29,https://i0.wp.com/blog.allstay.com/wp-content/uploads/2020/09/e-20.jpg?resize=768%2C486&ssl=1
29,https://i0.wp.com/blog.allstay.com/wp-content/uploads/2020/09/e-20.jpg?resize=768%2C486&ssl=1
29,https://i0.wp.com/blog.allstay.com/wp-content/uploads/2020/09/e-20.jpg?resize=768%2C486&ssl=1
30,https://i0.wp.com/blog.allstay.com/wp-content/uploads/2020/09/e-20.jpg?resize=768%2C486&ssl=1
30,https://i0.wp.com/blog.allstay.com/wp-content/uploads/2020/09/e-20.jpg?resize=768%2C486&ssl=1
30,https://i0.wp.com/blog.allstay.com/wp-content/uploads/2020/09/e-20.jpg?resize=768%2C486&ssl=1
31,https://i0.wp.com/blog.allstay.com/wp-content/uploads/2020/09/e-20.jpg?resize=768%2C486&ssl=1
31,https://i0.wp.com/blog.allstay.com/wp-content/uploads/2020/09/e-20.jpg?resize=768%2C486&ssl=1
31,https://i0.wp.com/blog.allstay.com/wp-content/uploads/2020/09/e-20.jpg?resize=768%2C486&ssl=1
32,https://i0.wp.com/blog.allstay.com/wp-content/uploads/2020/09/e-20.jpg?resize=768%2C486&ssl=1
32,https://i0.wp.com/blog.allstay.com/wp-content/uploads/2020/09/e-20.jpg?resize=768%2C486&ssl=1
32,https://i0.wp.com/blog.allstay.com/wp-content/uploads/2020/09/e-20.jpg?resize=768%2C486&ssl=1
33,https://i0.wp.com/blog.allstay.com/wp-content/uploads/2020/09/e-20.jpg?resize=768%2C486&ssl=1
33,https://i0.wp.com/blog.allstay.com/wp-content/uploads/2020/09/e-20.jpg?resize=768%2C486&ssl=1
33,https://i0.wp.com/blog.allstay.com/wp-content/uploads/2020/09/e-20.jpg?resize=768%2C486&ssl=1
34,https://i0.wp.com/blog.allstay.com/wp-content/uploads/2020/09/e-20.jpg?resize=768%2C486&ssl=1
34,https://i0.wp.com/blog.allstay.com/wp-content/uploads/2020/09/e-20.jpg?resize=768%2C486&ssl=1
34,https://i0.wp.com/blog.allstay.com/wp-content/uploads/2020/09/e-20.jpg?resize=768%2C486&ssl=1
35,https://i0.wp.com/blog.allstay.com/wp-content/uploads/2020/09/e-20.jpg?resize=768%2C486&ssl=1
35,https://i0.wp.com/blog.allstay.com/wp-content/uploads/2020/09/e-20.jpg?resize=768%2C486&ssl=1
35,https://i0.wp.com/blog.allstay.com/wp-content/uploads/2020/09/e-20.jpg?resize=768%2C486&ssl=1
36,https://i0.wp.com/blog.allstay.com/wp-content/uploads/2020/09/e-20.jpg?resize=768%2C486&ssl=1
36,https://i0.wp.com/blog.allstay.com/wp-content/uploads/2020/09/e-20.jpg?resize=768%2C486&ssl=1
36,https://i0.wp.com/blog.allstay.com/wp-content/uploads/2020/09/e-20.jpg?resize=768%2C486&ssl=1